{"stats":{"minecraft:mined":{"minecraft:white_bed":2,"minecraft:furnace":1,"minecraft:birch_log":12,"minecraft:iron_ore":1,"minecraft:crafting_table":4,"minecraft:grass":13,"minecraft:coal_ore":12,"minecraft:oak_log":28,"minecraft:tall_grass":1,"minecraft:stone":46},"minecraft:picked_up":{"minecraft:birch_log":12,"minecraft:stick":9,"minecraft:crafting_table":5,"minecraft:raw_iron":1,"minecraft:feather":5,"minecraft:chicken":4,"minecraft:leather":7,"minecraft:porkchop":14,"minecraft:oak_log":28,"minecraft:white_bed":2,"minecraft:bone":2,"minecraft:arrow":2,"minecraft:apple":2,"minecraft:wheat_seeds":1,"minecraft:beef":12,"minecraft:coal":12,"minecraft:oak_sapling":17,"minecraft:birch_sapling":4,"minecraft:black_wool":1,"minecraft:mutton":12,"minecraft:furnace":1,"minecraft:white_wool":7,"minecraft:cobblestone":46,"minecraft:egg":4},"minecraft:used":{"minecraft:cooked_mutton":3,"minecraft:stone_sword":79,"minecraft:stone_pickaxe":16,"minecraft:wooden_pickaxe":44,"minecraft:stone_axe":46,"minecraft:crafting_table":4,"minecraft:furnace":1,"minecraft:white_bed":2},"minecraft:killed":{"minecraft:skeleton":1,"minecraft:sheep":8,"minecraft:zombie":1,"minecraft:pig":10,"minecraft:chicken":4,"minecraft:cow":7},"minecraft:crafted":{"minecraft:crafting_table":1,"minecraft:stick":12,"minecraft:wooden_pickaxe":1,"minecraft:stone_pickaxe":2,"minecraft:stone_sword":2,"minecraft:furnace":1,"minecraft:white_bed":1,"minecraft:birch_planks":20,"minecraft:stone_axe":2,"minecraft:cooked_mutton":5,"minecraft:air":0},"minecraft:dropped":{"minecraft:stone_axe":1,"minecraft:stone_sword":1,"minecraft:crafting_table":1,"minecraft:stone_pickaxe":1,"minecraft:white_wool":3},"minecraft:custom":{"minecraft:time_since_rest":563,"minecraft:damage_taken":105,"minecraft:interact_with_furnace":4,"minecraft:sprint_one_cm":57902,"minecraft:walk_one_cm":47277,"minecraft:mob_kills":31,"minecraft:drop":5,"minecraft:animals_bred":1,"minecraft:damage_dealt":3200,"minecraft:swim_one_cm":2953,"minecraft:interact_with_crafting_table":8,"minecraft:fly_one_cm":65216,"minecraft:crouch_one_cm":4409,"minecraft:play_time":24658,"minecraft:sneak_time":1110,"minecraft:walk_under_water_one_cm":162,"minecraft:jump":359,"minecraft:leave_game":3,"minecraft:time_since_death":24658,"minecraft:walk_on_water_one_cm":231,"minecraft:sleep_in_bed":2,"minecraft:total_world_time":24658,"minecraft:fall_one_cm":10281}},"DataVersion":3465}