{"stats":{"minecraft:picked_up":{"minecraft:birch_log":5,"minecraft:raw_iron":1,"minecraft:crafting_table":3,"minecraft:feather":5,"minecraft:chicken":4,"minecraft:leather":7,"minecraft:porkchop":11,"minecraft:wheat_seeds":1,"minecraft:beef":8,"minecraft:mutton":7,"minecraft:white_wool":5,"minecraft:cobblestone":46,"minecraft:egg":4},"minecraft:crafted":{"minecraft:crafting_table":1,"minecraft:stick":12,"minecraft:wooden_pickaxe":1,"minecraft:stone_pickaxe":2,"minecraft:stone_sword":2,"minecraft:white_bed":1,"minecraft:birch_planks":20,"minecraft:stone_axe":2},"minecraft:mined":{"minecraft:iron_ore":1,"minecraft:birch_log":5,"minecraft:crafting_table":3,"minecraft:grass":11,"minecraft:tall_grass":1,"minecraft:stone":46},"minecraft:dropped":{"minecraft:stone_axe":1,"minecraft:stone_sword":1,"minecraft:stone_pickaxe":1},"minecraft:custom":{"minecraft:time_since_rest":11060,"minecraft:sprint_one_cm":23278,"minecraft:walk_one_cm":19512,"minecraft:damage_taken":20,"minecraft:mob_kills":21,"minecraft:drop":3,"minecraft:damage_dealt":1985,"minecraft:swim_one_cm":2953,"minecraft:interact_with_crafting_table":4,"minecraft:fly_one_cm":34759,"minecraft:crouch_one_cm":3737,"minecraft:play_time":11060,"minecraft:sneak_time":899,"minecraft:walk_under_water_one_cm":162,"minecraft:jump":188,"minecraft:leave_game":1,"minecraft:walk_on_water_one_cm":231,"minecraft:time_since_death":11060,"minecraft:total_world_time":11060,"minecraft:fall_one_cm":4609},"minecraft:used":{"minecraft:stone_sword":51,"minecraft:stone_pickaxe":4,"minecraft:wooden_pickaxe":43,"minecraft:stone_axe":3,"minecraft:crafting_table":3},"minecraft:killed":{"minecraft:sheep":5,"minecraft:pig":7,"minecraft:chicken":4,"minecraft:cow":5}},"DataVersion":3465}