{"stats":{"minecraft:dropped":{"minecraft:stone_axe":1,"minecraft:stone_sword":1,"minecraft:crafting_table":1,"minecraft:stone_pickaxe":1,"minecraft:white_wool":3},"minecraft:crafted":{"minecraft:crafting_table":1,"minecraft:stick":12,"minecraft:wooden_pickaxe":1,"minecraft:stone_pickaxe":2,"minecraft:stone_sword":2,"minecraft:furnace":1,"minecraft:white_bed":1,"minecraft:birch_planks":20,"minecraft:stone_axe":2,"minecraft:air":0,"minecraft:cooked_mutton":5},"minecraft:used":{"minecraft:cooked_mutton":2,"minecraft:stone_sword":70,"minecraft:stone_pickaxe":4,"minecraft:wooden_pickaxe":44,"minecraft:stone_axe":4,"minecraft:crafting_table":4,"minecraft:furnace":1,"minecraft:white_bed":1},"minecraft:custom":{"minecraft:time_since_rest":5328,"minecraft:interact_with_furnace":4,"minecraft:damage_taken":30,"minecraft:sprint_one_cm":37103,"minecraft:walk_one_cm":31351,"minecraft:mob_kills":29,"minecraft:drop":5,"minecraft:damage_dealt":2740,"minecraft:swim_one_cm":2953,"minecraft:interact_with_crafting_table":8,"minecraft:fly_one_cm":51588,"minecraft:crouch_one_cm":3737,"minecraft:play_time":16771,"minecraft:sneak_time":902,"minecraft:walk_under_water_one_cm":162,"minecraft:jump":276,"minecraft:leave_game":2,"minecraft:time_since_death":16771,"minecraft:walk_on_water_one_cm":231,"minecraft:sleep_in_bed":1,"minecraft:total_world_time":16771,"minecraft:fall_one_cm":8278},"minecraft:mined":{"minecraft:white_bed":1,"minecraft:furnace":1,"minecraft:birch_log":5,"minecraft:iron_ore":1,"minecraft:crafting_table":4,"minecraft:grass":13,"minecraft:tall_grass":1,"minecraft:stone":46},"minecraft:killed":{"minecraft:sheep":8,"minecraft:pig":10,"minecraft:chicken":4,"minecraft:cow":7},"minecraft:picked_up":{"minecraft:birch_log":5,"minecraft:raw_iron":1,"minecraft:crafting_table":5,"minecraft:feather":5,"minecraft:chicken":4,"minecraft:leather":7,"minecraft:porkchop":14,"minecraft:white_bed":1,"minecraft:wheat_seeds":1,"minecraft:beef":12,"minecraft:black_wool":1,"minecraft:mutton":12,"minecraft:furnace":1,"minecraft:white_wool":7,"minecraft:cobblestone":46,"minecraft:egg":4}},"DataVersion":3465}