{"stats":{"minecraft:killed":{"minecraft:pig":9,"minecraft:spider":3,"minecraft:cod":14,"minecraft:creeper":1,"minecraft:skeleton":4,"minecraft:sheep":10,"minecraft:zombie":5,"minecraft:chicken":7,"minecraft:enderman":1,"minecraft:cow":8},"minecraft:used":{"minecraft:cooked_mutton":1,"minecraft:water_bucket":1,"minecraft:stone_sword":174,"minecraft:stone_pickaxe":327,"minecraft:stone_shovel":646,"minecraft:dried_kelp":155,"minecraft:oak_planks":6,"minecraft:chest":12,"minecraft:wooden_pickaxe":59,"minecraft:torch":4,"minecraft:sand":47,"minecraft:dirt":100,"minecraft:crafting_table":11,"minecraft:red_bed":1,"minecraft:white_bed":2,"minecraft:black_bed":2,"minecraft:granite":1,"minecraft:azure_bluet":2,"minecraft:oak_log":11,"minecraft:wooden_axe":67,"minecraft:stone_axe":316,"minecraft:cobblestone":71,"minecraft:furnace":4,"minecraft:cooked_porkchop":5,"minecraft:bucket":2},"minecraft:broken":{"minecraft:stone_pickaxe":2,"minecraft:stone_sword":1,"minecraft:stone_axe":2,"minecraft:wooden_axe":1,"minecraft:stone_shovel":4,"minecraft:wooden_pickaxe":1},"minecraft:killed_by":{"minecraft:enderman":1},"minecraft:crafted":{"minecraft:black_dye":5,"minecraft:red_dye":1,"minecraft:oak_planks":776,"minecraft:stone_shovel":7,"minecraft:cooked_porkchop":11,"minecraft:crafting_table":2,"minecraft:dried_kelp":156,"minecraft:wooden_pickaxe":1,"minecraft:iron_sword":1,"minecraft:red_bed":1,"minecraft:bucket":1,"minecraft:birch_planks":372,"minecraft:stone_axe":3,"minecraft:air":0,"minecraft:charcoal":21,"minecraft:stick":60,"minecraft:iron_ingot":11,"minecraft:iron_pickaxe":1,"minecraft:stone_pickaxe":3,"minecraft:wooden_axe":1,"minecraft:stone_sword":2,"minecraft:chest":8,"minecraft:black_bed":2,"minecraft:white_bed":1,"minecraft:torch":128},"minecraft:dropped":{"minecraft:wheat_seeds":1,"minecraft:stone_sword":1,"minecraft:birch_sapling":5,"minecraft:rotten_flesh":11,"minecraft:feather":10,"minecraft:cobblestone":16,"minecraft:oak_planks":32,"minecraft:granite":1,"minecraft:stick":12,"minecraft:filled_map":1,"minecraft:mutton":1,"minecraft:andesite":17,"minecraft:spider_eye":2,"minecraft:arrow":5,"minecraft:bone":5},"minecraft:mined":{"minecraft:spruce_planks":6,"minecraft:white_bed":1,"minecraft:red_bed":2,"minecraft:kelp_plant":21,"minecraft:dandelion":6,"minecraft:cornflower":1,"minecraft:crafting_table":8,"gravestone:gravestone":1,"minecraft:granite":2,"minecraft:grass_block":410,"minecraft:poppy":3,"minecraft:chest":1,"minecraft:tall_grass":11,"minecraft:cobblestone":45,"minecraft:oak_planks":4,"minecraft:kelp":4,"minecraft:oxeye_daisy":2,"minecraft:seagrass":16,"minecraft:spruce_stairs":4,"minecraft:tall_seagrass":2,"minecraft:furnace":6,"minecraft:birch_log":42,"minecraft:iron_ore":11,"minecraft:andesite":17,"minecraft:birch_leaves":4,"minecraft:pumpkin":14,"minecraft:azure_bluet":1,"minecraft:grass":118,"minecraft:oak_log":246,"minecraft:coal_ore":74,"minecraft:dirt_path":94,"minecraft:sand":39,"minecraft:dirt":64,"minecraft:stone":231,"minecraft:spruce_slab":1,"minecraft:oak_leaves":15},"minecraft:picked_up":{"minecraft:birch_log":39,"minecraft:crafting_table":9,"minecraft:azure_bluet":3,"minecraft:feather":10,"minecraft:chicken":7,"minecraft:andesite":17,"minecraft:leather":7,"minecraft:wooden_pickaxe":1,"minecraft:filled_map":1,"minecraft:oak_log":225,"minecraft:cornflower":1,"minecraft:dirt":554,"minecraft:string":4,"minecraft:red_bed":2,"minecraft:cooked_mutton":1,"minecraft:bone":5,"minecraft:apple":13,"minecraft:kelp":156,"minecraft:wheat_seeds":16,"minecraft:beef":14,"minecraft:poppy":4,"minecraft:chest":4,"minecraft:birch_sapling":11,"minecraft:oak_planks":4,"minecraft:furnace":6,"minecraft:stick":74,"minecraft:raw_iron":11,"minecraft:cooked_porkchop":4,"minecraft:pumpkin":14,"minecraft:dandelion":6,"minecraft:spruce_stairs":1,"minecraft:porkchop":12,"minecraft:sand":47,"minecraft:ink_sac":7,"minecraft:white_bed":2,"minecraft:spider_eye":2,"minecraft:stone_sword":2,"minecraft:arrow":6,"minecraft:rotten_flesh":11,"minecraft:granite":2,"naturescompass:naturescompass":1,"minecraft:ender_pearl":1,"minecraft:oak_sapling":101,"minecraft:mutton":14,"minecraft:coal":65,"minecraft:white_wool":9,"minecraft:cobblestone":274,"minecraft:oxeye_daisy":2},"minecraft:custom":{"minecraft:interact_with_furnace":92,"minecraft:mob_kills":63,"minecraft:interact_with_crafting_table":27,"minecraft:leave_game":3,"minecraft:time_since_death":8619,"minecraft:sleep_in_bed":3,"minecraft:time_since_rest":8654,"minecraft:sprint_one_cm":155891,"minecraft:damage_taken":2205,"minecraft:walk_one_cm":585971,"minecraft:drop":26,"minecraft:damage_dealt":6643,"minecraft:player_kills":1,"minecraft:swim_one_cm":48793,"minecraft:fly_one_cm":65323,"minecraft:deaths":1,"minecraft:open_chest":56,"minecraft:crouch_one_cm":20125,"minecraft:play_time":123565,"minecraft:sneak_time":7079,"minecraft:walk_under_water_one_cm":39883,"minecraft:boat_one_cm":235521,"minecraft:jump":766,"minecraft:walk_on_water_one_cm":50174,"minecraft:total_world_time":123565,"minecraft:fall_one_cm":5216}},"DataVersion":3465}