{"stats":{"minecraft:used":{"minecraft:wooden_axe":35,"minecraft:dirt":1,"minecraft:crafting_table":2},"minecraft:crafted":{"minecraft:chest":1,"minecraft:oak_planks":108,"minecraft:crafting_table":1,"minecraft:stick":4,"minecraft:wooden_axe":1},"minecraft:mined":{"minecraft:grass_block":1,"minecraft:oak_log":33,"minecraft:crafting_table":1},"minecraft:picked_up":{"minecraft:crafting_table":1,"minecraft:stick":10,"minecraft:apple":3,"minecraft:oak_log":27,"minecraft:oak_sapling":11,"minecraft:dirt":1},"minecraft:custom":{"minecraft:time_since_rest":3205,"minecraft:play_time":3205,"minecraft:crouch_one_cm":93,"minecraft:sprint_one_cm":9725,"minecraft:walk_one_cm":12262,"minecraft:sneak_time":60,"minecraft:jump":20,"minecraft:leave_game":1,"minecraft:time_since_death":3205,"minecraft:total_world_time":3205,"minecraft:interact_with_crafting_table":3,"minecraft:fly_one_cm":1431}},"DataVersion":3465}