{"stats":{"minecraft:picked_up":{"minecraft:azure_bluet":2,"minecraft:stone_sword":1,"minecraft:leather":2,"minecraft:stone_axe":1,"minecraft:wheat_seeds":1,"minecraft:porkchop":5,"minecraft:beef":7,"minecraft:stone_pickaxe":1,"minecraft:oak_log":12},"minecraft:crafted":{"minecraft:oak_planks":48,"minecraft:crafting_table":1},"minecraft:mined":{"minecraft:grass":26,"minecraft:oak_log":12,"minecraft:tall_grass":1,"minecraft:azure_bluet":1},"minecraft:dropped":{"minecraft:azure_bluet":1},"minecraft:custom":{"minecraft:time_since_rest":6874,"minecraft:crouch_one_cm":1643,"minecraft:play_time":6874,"minecraft:sprint_one_cm":8974,"minecraft:walk_one_cm":32251,"minecraft:sneak_time":403,"minecraft:mob_kills":6,"minecraft:drop":1,"minecraft:jump":72,"minecraft:damage_dealt":525,"minecraft:time_since_death":6874,"minecraft:total_world_time":6874,"minecraft:fall_one_cm":836,"minecraft:fly_one_cm":3680},"minecraft:used":{"minecraft:stone_axe":6,"minecraft:stone_sword":14,"minecraft:azure_bluet":1},"minecraft:killed":{"minecraft:donkey":1,"minecraft:pig":2,"minecraft:cow":3}},"DataVersion":3465}