{"stats":{"minecraft:dropped":{"minecraft:azure_bluet":1},"minecraft:used":{"minecraft:stone_sword":17,"minecraft:stone_axe":35,"minecraft:crafting_table":1,"minecraft:azure_bluet":1},"minecraft:crafted":{"minecraft:oak_planks":48,"minecraft:crafting_table":1,"minecraft:white_bed":1},"minecraft:custom":{"minecraft:time_since_rest":10478,"minecraft:sprint_one_cm":13434,"minecraft:damage_taken":25,"minecraft:walk_one_cm":53728,"minecraft:mob_kills":7,"minecraft:drop":1,"minecraft:damage_dealt":615,"minecraft:interact_with_crafting_table":1,"minecraft:fly_one_cm":6456,"minecraft:crouch_one_cm":1754,"minecraft:play_time":10478,"minecraft:sneak_time":454,"minecraft:jump":102,"minecraft:leave_game":1,"minecraft:time_since_death":10478,"minecraft:total_world_time":10478,"minecraft:fall_one_cm":2047},"minecraft:mined":{"minecraft:pumpkin":2,"minecraft:azure_bluet":1,"minecraft:crafting_table":1,"minecraft:grass":44,"minecraft:oak_log":35,"minecraft:tall_grass":21,"minecraft:oak_leaves":3},"minecraft:killed":{"minecraft:sheep":1,"minecraft:donkey":1,"minecraft:pig":2,"minecraft:cow":3},"minecraft:picked_up":{"minecraft:crafting_table":1,"minecraft:azure_bluet":2,"minecraft:pumpkin":2,"minecraft:leather":2,"minecraft:porkchop":5,"minecraft:oak_log":35,"minecraft:stone_sword":1,"minecraft:stone_axe":1,"minecraft:wheat_seeds":7,"minecraft:beef":7,"minecraft:stone_pickaxe":1,"minecraft:mutton":2,"minecraft:white_wool":4}},"DataVersion":3465}