{"stats":{"minecraft:mined":{"minecraft:pumpkin":2,"minecraft:azure_bluet":1,"minecraft:crafting_table":1,"minecraft:grass":44,"minecraft:grass_block":2,"minecraft:oak_log":132,"minecraft:dirt":3,"minecraft:tall_grass":21,"minecraft:stone":69,"minecraft:oak_leaves":3},"minecraft:picked_up":{"minecraft:stick":10,"minecraft:crafting_table":1,"minecraft:azure_bluet":2,"minecraft:pumpkin":2,"minecraft:leather":3,"minecraft:porkchop":9,"minecraft:oak_log":129,"minecraft:dirt":5,"minecraft:stone_sword":1,"minecraft:apple":3,"minecraft:stone_axe":1,"minecraft:wheat_seeds":7,"minecraft:beef":10,"minecraft:stone_pickaxe":1,"minecraft:oak_sapling":28,"minecraft:mutton":5,"minecraft:white_wool":6,"minecraft:cobblestone":69},"minecraft:used":{"minecraft:cooked_mutton":1,"minecraft:apple":3,"minecraft:stone_sword":27,"minecraft:stone_pickaxe":69,"minecraft:stone_axe":145,"minecraft:cobblestone":5,"minecraft:crafting_table":2,"minecraft:furnace":2,"minecraft:white_bed":1,"minecraft:azure_bluet":1},"minecraft:killed":{"minecraft:sheep":3,"minecraft:donkey":1,"minecraft:pig":4,"minecraft:cow":4},"minecraft:broken":{"minecraft:stone_axe":1},"minecraft:crafted":{"minecraft:oak_planks":48,"minecraft:stone_shovel":1,"minecraft:charcoal":4,"minecraft:crafting_table":1,"minecraft:stick":8,"minecraft:furnace":2,"minecraft:white_bed":1,"minecraft:pumpkin_seeds":8,"minecraft:stone_axe":1,"minecraft:cooked_mutton":2},"minecraft:dropped":{"minecraft:azure_bluet":1},"minecraft:custom":{"minecraft:time_since_rest":563,"minecraft:interact_with_furnace":4,"minecraft:sprint_one_cm":15827,"minecraft:damage_taken":165,"minecraft:walk_one_cm":108470,"minecraft:mob_kills":12,"minecraft:drop":1,"minecraft:damage_dealt":1075,"minecraft:interact_with_crafting_table":6,"minecraft:fly_one_cm":7877,"minecraft:crouch_one_cm":3606,"minecraft:play_time":18287,"minecraft:sneak_time":965,"minecraft:jump":151,"minecraft:leave_game":1,"minecraft:time_since_death":18287,"minecraft:sleep_in_bed":2,"minecraft:total_world_time":18287,"minecraft:fall_one_cm":2736}},"DataVersion":3465}