{"stats":{"minecraft:killed":{"minecraft:wolf":3,"minecraft:pig":7,"minecraft:spider":3,"minecraft:creeper":1,"minecraft:sheep":9,"minecraft:skeleton":2,"minecraft:zombie":4,"minecraft:chicken":2,"minecraft:cow":8},"minecraft:broken":{"minecraft:stone_axe":1},"minecraft:used":{"minecraft:cooked_mutton":2,"minecraft:stone_sword":119,"minecraft:cobblestone_stairs":1,"minecraft:stone_pickaxe":12,"minecraft:poppy":1,"minecraft:chest":1,"minecraft:wooden_pickaxe":31,"minecraft:stone_hoe":103,"minecraft:sand":4,"minecraft:dirt":3,"minecraft:crafting_table":4,"minecraft:red_bed":5,"minecraft:white_bed":1,"minecraft:apple":6,"minecraft:stone_axe":234,"minecraft:cobblestone":20,"minecraft:furnace":4,"minecraft:cooked_porkchop":11,"minecraft:yellow_bed":1,"minecraft:oak_boat":2,"minecraft:experience_bottle":53},"minecraft:killed_by":{"minecraft:player":1},"minecraft:crafted":{"minecraft:red_dye":1,"minecraft:oak_planks":16,"minecraft:cooked_porkchop":15,"minecraft:crafting_table":1,"minecraft:wooden_pickaxe":1,"minecraft:red_bed":1,"minecraft:furnace":1,"minecraft:birch_planks":76,"minecraft:stone_axe":2,"minecraft:cooked_mutton":3,"minecraft:air":0,"minecraft:oak_boat":1,"minecraft:charcoal":29,"minecraft:stick":8,"minecraft:stone_pickaxe":1,"minecraft:stone_sword":1,"minecraft:stone_hoe":1},"minecraft:dropped":{"naturescompass:naturescompass":1,"minecraft:wheat_seeds":3,"minecraft:stone_sword":1,"minecraft:crafting_table":1,"minecraft:cooked_porkchop":4,"minecraft:birch_sapling":35,"minecraft:rotten_flesh":6,"minecraft:cooked_mutton":1,"minecraft:white_bed":1,"minecraft:azure_bluet":1,"minecraft:spruce_stairs":1,"minecraft:filled_map":1,"minecraft:spruce_planks":2,"minecraft:spider_eye":1,"minecraft:sand":4,"minecraft:arrow":1,"minecraft:bow":1,"minecraft:wooden_pickaxe":1,"minecraft:egg":1},"minecraft:mined":{"minecraft:white_bed":3,"minecraft:red_bed":4,"minecraft:cobblestone_stairs":1,"minecraft:crafting_table":5,"gravestone:gravestone":1,"minecraft:grass_block":4,"minecraft:poppy":3,"minecraft:chest":4,"minecraft:tall_grass":4,"minecraft:cobblestone":8,"minecraft:hay_block":89,"minecraft:furnace":3,"minecraft:birch_log":104,"minecraft:birch_leaves":1,"minecraft:pumpkin":15,"minecraft:yellow_bed":1,"minecraft:azure_bluet":2,"minecraft:grass":21,"minecraft:oak_log":73,"minecraft:dirt":1,"minecraft:sand":8,"minecraft:stone":31,"minecraft:oak_leaves":1},"minecraft:picked_up":{"minecraft:birch_log":102,"minecraft:crafting_table":5,"minecraft:feather":4,"minecraft:azure_bluet":1,"minecraft:chicken":2,"minecraft:leather":7,"minecraft:oak_log":92,"minecraft:yellow_bed":1,"minecraft:cobblestone_stairs":1,"minecraft:string":2,"minecraft:dirt":14,"minecraft:red_bed":4,"minecraft:bone":8,"minecraft:apple":6,"minecraft:bow":1,"minecraft:wheat_seeds":3,"minecraft:spruce_planks":2,"minecraft:beef":17,"minecraft:oak_boat":2,"minecraft:poppy":2,"minecraft:sugar_cane":17,"minecraft:chest":1,"minecraft:birch_sapling":35,"minecraft:oak_planks":32,"minecraft:egg":5,"minecraft:furnace":3,"minecraft:stick":55,"minecraft:pumpkin":15,"minecraft:spruce_stairs":1,"minecraft:porkchop":14,"minecraft:sand":8,"minecraft:white_bed":3,"minecraft:spider_eye":1,"minecraft:arrow":1,"minecraft:rotten_flesh":6,"minecraft:hay_block":89,"minecraft:oak_sapling":55,"minecraft:mutton":11,"minecraft:white_wool":9,"minecraft:cobblestone":39},"minecraft:custom":{"minecraft:interact_with_furnace":23,"minecraft:mob_kills":39,"minecraft:interact_with_crafting_table":28,"minecraft:bell_ring":33,"minecraft:leave_game":3,"minecraft:time_since_death":6650,"minecraft:sleep_in_bed":6,"minecraft:time_since_rest":6682,"minecraft:sprint_one_cm":298512,"minecraft:damage_taken":1088,"minecraft:walk_one_cm":186511,"minecraft:drop":24,"minecraft:damage_dealt":5864,"minecraft:swim_one_cm":28925,"minecraft:talked_to_villager":1,"minecraft:fly_one_cm":350808,"minecraft:open_chest":42,"minecraft:crouch_one_cm":6569,"minecraft:play_time":97733,"minecraft:deaths":1,"minecraft:sneak_time":2147,"minecraft:walk_under_water_one_cm":14952,"minecraft:boat_one_cm":218837,"minecraft:jump":1537,"minecraft:walk_on_water_one_cm":17404,"minecraft:total_world_time":97733,"minecraft:fall_one_cm":38426}},"DataVersion":3465}